"<string>:{name}:zhTW","<string>:{name}:jaJP","<string>:{name}:enUS","<string>:{description}:zhTW","<string>:{description}:jaJP","<string>:{description}:enUS"
"攻擊力強化I","攻撃力強化I","Attack Boost I","武器攻擊力+4。","武器の攻撃力に+4する。","Attack +4"
"攻擊力強化II","攻撃力強化II","Attack Boost II","武器攻擊力+6。","武器の攻撃力に+6する。","Attack +6"
"攻擊力強化III","攻撃力強化III","Attack Boost III","武器攻擊力+8。","武器の攻撃力に+8する。","Attack +8"
"攻擊力強化IV","攻撃力強化IV","Attack Boost IV","武器攻擊力+10。","武器の攻撃力に+10する。","Attack +10"
"攻擊力大強化","攻撃力激化","Attack Surge","武器攻擊力+20，但會心率-30%。","武器の攻撃力を+20する代わりに会心率が-30%される。","Attack +20 Affinity -30%"
"無屬性攻擊強化","無属性攻撃強化","Non-elemental Boost","在百龍武器為無屬性的情況下，武器攻擊力+10。","百竜武器が無属性の場合、武器の攻撃力に+10する。","+10 Attack if the Ramped-Up weapon has no element."
"屬性值強化I","属性値強化I","Elemental Boost I","武器屬性值+5。","武器の属性値に+5する。","Weapon Element +5"
"屬性值強化II","属性値強化II","Elemental Boost II","武器屬性值+7。","武器の属性値に+7する。","Weapon Element +7"
"屬性值強化III","属性値強化III","Elemental Boost III","武器屬性值+10。","武器の属性値に+10する。","Weapon Element +10"
"屬性值大強化","属性値激化","Elemental Surge","武器屬性值+10，但攻擊力-15。","武器の属性値に+10する代わりに攻撃力が-15される。","Weapon Element +10 Attack -15"
"會心率強化I","会心率強化I","Affinity Boost I","武器會心率+4%。","武器の会心率に+4%する。","Affinity +4%"
"會心率強化II","会心率強化II","Affinity Boost II","武器會心率+6%。","武器の会心率に+6%する。","Affinity +6%"
"會心率強化III","会心率強化III","Affinity Boost III","武器會心率+8%。","武器の会心率に+8%する。","Affinity +8%"
"會心率強化IV","会心率強化IV","Affinity Boost IV","武器會心率+10%。","武器の会心率に+10%する。","Affinity +10%"
"會心率大強化","会心率激化","Affinity Surge","武器會心率+20%，但攻擊力-10。","武器の会心率に+20%する代わりに攻撃力が-10される。","Affinity +20% Attack -10"
"防禦力強化I","防御力強化I","Defense Boost I","武器防禦力加成+10。","武器の防御力ボーナスに+10する。","Defense Bonus +10"
"防禦力強化II","防御力強化II","Defense Boost II","武器防禦力加成+20。","武器の防御力ボーナスに+20する。","Defense Bonus +20"
"防禦力強化III","防御力強化III","Defense Boost III","武器防禦力加成+30。","武器の防御力ボーナスに+30する。","Defense Bonus +30"
"屬性強化【火】I","属性強化【火】I","Fire Boost I","火屬性武器屬性值+4。","火属性の武器の属性値に+4する。","Fire element attack power +4"
"屬性強化【火】II","属性強化【火】II","Fire Boost II","火屬性武器屬性值+6。","火属性の武器の属性値に+6する。","Fire element attack power +6"
"屬性強化【火】III","属性強化【火】III","Fire Boost III","火屬性武器屬性值+8。","火属性の武器の属性値に+8する。","Fire element attack power +8"
"屬性強化【火】IV","属性強化【火】IV","Fire Boost IV","火屬性武器屬性值+10。","火属性の武器の属性値に+10する。","Fire element attack power +10"
"屬性強化【水】I","属性強化【水】I","Water Boost I","水屬性武器屬性值+4。","水属性の武器の属性値に+4する。","Water element attack power +4"
"屬性強化【水】II","属性強化【水】II","Water Boost II","水屬性武器屬性值+6。","水属性の武器の属性値に+6する。","Water element attack power +6"
"屬性強化【水】III","属性強化【水】III","Water Boost III","水屬性武器屬性值+8。","水属性の武器の属性値に+8する。","Water element attack power +8"
"屬性強化【水】IV","属性強化【水】IV","Water Boost IV","水屬性武器屬性值+10。","水属性の武器の属性値に+10する。","Water element attack power +10"
"屬性強化【雷】I","属性強化【雷】I","Thunder Boost I","雷屬性武器屬性值+4。","雷属性の武器の属性値に+4する。","Thunder element attack power +4"
"屬性強化【雷】II","属性強化【雷】II","Thunder Boost II","雷屬性武器屬性值+6。","雷属性の武器の属性値に+6する。","Thunder element attack power +6"
"屬性強化【雷】III","属性強化【雷】III","Thunder Boost III","雷屬性武器屬性值+8。","雷属性の武器の属性値に+8する。","Thunder element attack power +8"
"屬性強化【雷】IV","属性強化【雷】IV","Thunder Boost IV","雷屬性武器屬性值+10。","雷属性の武器の属性値に+10する。","Thunder element attack power +10"
"屬性強化【冰】I","属性強化【氷】I","Ice Boost I","冰屬性武器屬性值+4。","氷属性の武器の属性値に+4する。","Ice element attack power +4"
"屬性強化【冰】II","属性強化【氷】II","Ice Boost II","冰屬性武器屬性值+6。","氷属性の武器の属性値に+6する。","Ice element attack power +6"
"屬性強化【冰】III","属性強化【氷】III","Ice Boost III","冰屬性武器屬性值+8。","氷属性の武器の属性値に+8する。","Ice element attack power +8"
"屬性強化【冰】IV","属性強化【氷】IV","Ice Boost IV","冰屬性武器屬性值+10。","氷属性の武器の属性値に+10する。","Ice element attack power +10"
"屬性強化【龍】I","属性強化【龍】I","Dragon Boost I","龍屬性武器屬性值+4。","龍属性の武器の属性値に+4する。","Dragon element attack power +4"
"屬性強化【龍】II","属性強化【龍】II","Dragon Boost II","龍屬性武器屬性值+6。","龍属性の武器の属性値に+6する。","Dragon element attack power +6"
"屬性強化【龍】III","属性強化【龍】III","Dragon Boost III","龍屬性武器屬性值+8。","龍属性の武器の属性値に+8する。","Dragon element attack power +8"
"屬性強化【龍】IV","属性強化【龍】IV","Dragon Boost IV","龍屬性武器屬性值+10。","龍属性の武器の属性値に+10する。","Dragon element attack power +10"
"屬性強化【毒】I","属性強化【毒】I","Poison Boost I","毒屬性武器累積值+3。","毒属性の武器の蓄積値に+3する。","Poison buildup +3"
"屬性強化【毒】II","属性強化【毒】II","Poison Boost II","毒屬性武器累積值+5。","毒属性の武器の蓄積値に+5する。","Poison buildup +5"
"屬性強化【毒】III","属性強化【毒】III","Poison Boost III","毒屬性武器累積值+7。","毒属性の武器の蓄積値に+7する。","Poison buildup +7"
"屬性強化【麻痺】I","属性強化【麻痺】I","Paralysis Boost I","麻痺屬性武器累積值+2。","麻痺属性の武器の蓄積値に+2する。","Paralysis buildup +2"
"屬性強化【麻痺】II","属性強化【麻痺】II","Paralysis Boost II","麻痺屬性武器累積值+4。","麻痺属性の武器の蓄積値に+4する。","Paralysis buildup +4"
"屬性強化【麻痺】III","属性強化【麻痺】III","Paralysis Boost III","麻痺屬性武器累積值+6。","麻痺属性の武器の蓄積値に+6する。","Paralysis buildup +6"
"屬性強化【睡眠】I","属性強化【睡眠】I","Sleep Boost I","睡眠屬性武器累積值+2。","睡眠属性の武器の蓄積値に+2する。","Sleep buildup +2"
"屬性強化【睡眠】II","属性強化【睡眠】II","Sleep Boost II","睡眠屬性武器累積值+4。","睡眠属性の武器の蓄積値に+4する。","Sleep buildup +4"
"屬性強化【睡眠】III","属性強化【睡眠】III","Sleep Boost III","睡眠屬性武器累積值+6。","睡眠属性の武器の蓄積値に+6する。","Sleep buildup +6"
"屬性強化【爆破】I","属性強化【爆破】I","Blast Boost I","爆破屬性武器累積值+3。","爆破属性の武器の蓄積値に+3する。","Blast buildup +3"
"屬性強化【爆破】II","属性強化【爆破】II","Blast Boost II","爆破屬性武器累積值+5。","爆破属性の武器の蓄積値に+5する。","Blast buildup +5"
"屬性強化【爆破】III","属性強化【爆破】III","Blast Boost III","爆破屬性武器累積值+7。","爆破属性の武器の蓄積値に+7する。","Blast buildup +7"
"賦予屬性【火】I","属性付与【火】I","Fire I","將武器轉化為火屬性，屬性值+10。","武器の属性を火属性にし、属性値+10する。","Sets weapon element to Fire and adds +10 to its value."
"賦予屬性【火】II","属性付与【火】II","Fire II","將武器轉化為火屬性，屬性值+15。","武器の属性を火属性にし、属性値+15する。","Sets weapon element to Fire and adds +15 to its value."
"賦予屬性【火】III","属性付与【火】III","Fire III","將武器轉化為火屬性，屬性值+20，但攻擊力-5。","武器の属性を火属性にし、属性値+20する代わりに攻撃力が-5される。","Sets weapon element to Fire and adds +20 to its value, but reduces attack by 5."
"賦予屬性【火】IV","属性付与【火】IV","Fire IV","將武器轉化為火屬性，屬性值+30，但攻擊力-10。","武器の属性を火属性にし、属性値に+30する代わりに攻撃力が-10される。","Sets weapon element to Fire and adds +30 to its value, but reduces attack by 10."
"賦予屬性【水】I","属性付与【水】I","Water I","將武器轉化為水屬性，屬性值+10。","武器の属性を水属性にし、属性値+10する。","Sets weapon element to Water and adds +10 to its value."
"賦予屬性【水】II","属性付与【水】II","Water II","將武器轉化為水屬性，屬性值+15。","武器の属性を水属性にし、属性値+15する。","Sets weapon element to Water and adds +15 to its value."
"賦予屬性【水】III","属性付与【水】III","Water III","將武器轉化為水屬性，屬性值+20，但攻擊力-5。","武器の属性を水属性にし、属性値+20する代わりに攻撃力が-5される。","Sets weapon element to Water and adds +20 to its value, but reduces attack by 5."
"賦予屬性【水】IV","属性付与【水】IV","Water IV","將武器轉化為水屬性，屬性值+30，但攻擊力-10。","武器の属性を水属性にし、属性値に+30する代わりに攻撃力が-10される。","Sets weapon element to Water and adds +30 to its value, but reduces attack by 10."
"賦予屬性【雷】I","属性付与【雷】I","Thunder I","將武器轉化為雷屬性，屬性值+10。","武器の属性を雷属性にし、属性値+10する。","Sets weapon element to Thunder and adds +10 to its value."
"賦予屬性【雷】II","属性付与【雷】II","Thunder II","將武器轉化為雷屬性，屬性值+15。","武器の属性を雷属性にし、属性値+15する。","Sets weapon element to Thunder and adds +15 to its value."
"賦予屬性【雷】III","属性付与【雷】III","Thunder III","將武器轉化為雷屬性，屬性值+20，但攻擊力-5。","武器の属性を雷属性にし、属性値+20する代わりに攻撃力が-5される。","Sets weapon element to Thunder and adds +20 to its value, but reduces attack by 5."
"賦予屬性【雷】IV","属性付与【雷】IV","Thunder IV","將武器轉化為雷屬性，屬性值+30，但攻擊力-10。","武器の属性を雷属性にし、属性値に+30する代わりに攻撃力が-10される。","Sets weapon element to Thunder and adds +30 to its value, but reduces attack by 10."
"賦予屬性【冰】I","属性付与【氷】I","Ice I","將武器轉化為冰屬性，屬性值+10。","武器の属性を氷属性にし、属性値+10する。","Sets weapon element to Ice and adds +10 to its value."
"賦予屬性【冰】II","属性付与【氷】II","Ice II","將武器轉化為冰屬性，屬性值+15。","武器の属性を氷属性にし、属性値+15する。","Sets weapon element to Ice and adds +15 to its value."
"賦予屬性【冰】III","属性付与【氷】III","Ice III","將武器轉化為冰屬性，屬性值+20，但攻擊力-5。","武器の属性を氷属性にし、属性値+20する代わりに攻撃力が-5される。","Sets weapon element to Ice and adds +20 to its value, but reduces attack by 5."
"賦予屬性【冰】IV","属性付与【氷】IV","Ice IV","將武器轉化為冰屬性，屬性值+30，但攻擊力-10。","武器の属性を氷属性にし、属性値に+30する代わりに攻撃力が-10される。","Sets weapon element to Ice and adds +30 to its value, but reduces attack by 10."
"賦予屬性【龍】I","属性付与【龍】I","Dragon I","將武器轉化為龍屬性，屬性值+10。","武器の属性を龍属性にし、属性値+10する。","Sets weapon element to Dragon and adds +10 to its value."
"賦予屬性【龍】II","属性付与【龍】II","Dragon II","將武器轉化為龍屬性，屬性值+15。","武器の属性を龍属性にし、属性値+15する。","Sets weapon element to Dragon and adds +15 to its value."
"賦予屬性【龍】III","属性付与【龍】III","Dragon III","將武器轉化為龍屬性，屬性值+20，但攻擊力-5。","武器の属性を龍属性にし、属性値+20する代わりに攻撃力が-5される。","Sets weapon element to Dragon and adds +20 to its value, but reduces attack by 5."
"賦予屬性【龍】IV","属性付与【龍】IV","Dragon IV","將武器轉化為龍屬性，屬性值+30，但攻擊力-10。","武器の属性を龍属性にし、属性値に+30する代わりに攻撃力が-10される。","Sets weapon element to Dragon and adds +30 to its value, but reduces attack by 10."
"賦予屬性【毒】I","属性付与【毒】I","Poison I","將武器轉化為毒屬性，屬性值+10。","武器の属性を毒属性にし、属性値に+10する。","Sets weapon element to Poison and adds +10 to its value."
"賦予屬性【毒】II","属性付与【毒】II","Poison II","將武器轉化為毒屬性，屬性值+20，但攻擊力-10。","武器の属性を毒属性にし、属性値に+20する代わりに攻撃力が-10される。","Sets weapon element to Poison and adds +20 to its value, but reduces Attack by 10."
"賦予屬性【毒】III","属性付与【毒】III","Poison III","將武器轉化為毒屬性，屬性值+30，但攻擊力-20。","武器の属性を毒属性にし、属性値に+30する代わりに攻撃力が-20される。","Sets weapon element to Poison and adds +30 to its value, but reduces Attack by 20."
"賦予屬性【麻痺】I","属性付与【麻痺】I","Paralysis I","將武器轉化為麻痺屬性，屬性值+10。","武器の属性を麻痺属性にし、属性値に+10する。","Sets weapon element to Paralysis and adds +10 to its value."
"賦予屬性【麻痺】II","属性付与【麻痺】II","Paralysis II","將武器轉化為麻痺屬性，屬性值+15，但攻擊力-10。","武器の属性を麻痺属性にし、属性値に+15する代わりに攻撃力が-10される。","Sets weapon element to Paralysis and adds +15 to its value, but reduces Attack by 10."
"賦予屬性【麻痺】III","属性付与【麻痺】III","Paralysis III","將武器轉化為麻痺屬性，屬性值+20，但攻擊力-20。","武器の属性を麻痺属性にし、属性値に+20する代わりに攻撃力が-20される。","Sets weapon element to Paralysis and adds +20 to its value, but reduces Attack by 20."
"賦予屬性【睡眠】I","属性付与【睡眠】I","Sleep I","將武器轉化為睡眠屬性，屬性值+10。","武器の属性を睡眠属性にし、属性値に+10する。","Sets weapon element to Sleep and adds +10 to its value."
"賦予屬性【睡眠】II","属性付与【睡眠】II","Sleep II","將武器轉化為睡眠屬性，屬性值+12，但攻擊力-10。","武器の属性を睡眠属性にし、属性値に+12する代わりに攻撃力が-10される。","Sets weapon element to Sleep and adds +12 to its value, but reduces Attack by 10."
"賦予屬性【睡眠】III","属性付与【睡眠】III","Sleep III","將武器轉化為睡眠屬性，屬性值+15，但攻擊力-20。","武器の属性を睡眠属性にし、属性値に+15する代わりに攻撃力が-20される。","Sets weapon element to Sleep and adds +15 to its value, but reduces Attack by 20."
"賦予屬性【爆破】I","属性付与【爆破】I","Blast I","將武器轉化為爆破屬性，屬性值+10。","武器の属性を爆破属性にし、属性値に+10する。","Sets weapon element to Blast and adds +10 to its value."
"賦予屬性【爆破】II","属性付与【爆破】II","Blast II","將武器轉化為爆破屬性，屬性值+15，但攻擊力-10。","武器の属性を爆破属性にし、属性値に+15する代わりに攻撃力が-10される。","Sets weapon element to Blast and adds +15 to its value, but reduces Attack by 10."
"賦予屬性【爆破】III","属性付与【爆破】III","Blast III","將武器轉化為爆破屬性，屬性值+20，但攻擊力-20。","武器の属性を爆破属性にし、属性値に+20する代わりに攻撃力が-20される。","Sets weapon element to Blast and adds +20 to its value, but reduces Attack by 20."
"變更銳利度【壹型】","斬れ味変更【壱型】","Sharpness Type I","改變百龍武器的銳利度。","百竜武器の斬れ味が変化する。","Modifies the sharpness of Ramped-Up weapons."
"變更銳利度【貳型】","斬れ味変更【弐型】","Sharpness Type II","改變百龍武器的銳利度。","百竜武器の斬れ味が変化する。","Modifies the sharpness of Ramped-Up weapons."
"變更銳利度【參型】","斬れ味変更【参型】","Sharpness Type III","改變百龍武器的銳利度，但攻擊力-10。","百竜武器の斬れ味が変化する代わりに攻撃力が-10される。","Modifies the sharpness of Ramped-Up weapons, but reduces Attack by 10."
"變更銳利度【肆型】","斬れ味変更【肆型】","Sharpness Type IV","改變百龍武器的銳利度，但攻擊力-20。","百竜武器の斬れ味が変化する代わりに攻撃力が-20される。","Modifies the sharpness of Ramped-Up weapons, but reduces Attack by 20."
"第二屬性【火】I","第二属性【火】I","Secondary: Fire I","將火屬性外的屬性武器之第二屬性轉化為火屬性，屬性值+10。","火属性以外の属性武器の第二属性を火属性にし、属性値+10する。","Sets a non-Fire weapon's sub element to Fire and adds +10 to its value."
"第二屬性【火】II","第二属性【火】II","Secondary: Fire II","將火屬性外的屬性武器之第二屬性轉化為火屬性，屬性值+20，且第一屬性的屬性值+5。","火属性以外の属性武器の第二属性を火属性にし、属性値+20する。さらに第一属性の属性値も+5する。","Sets a non-Fire weapon's sub element to Fire and adds +20 to its value, as well as +5 to the primary element."
"第二屬性【火】III","第二属性【火】III","Secondary: Fire III","將火屬性外的屬性武器之第二屬性轉化為火屬性，屬性值+30，且第一屬性的屬性值+10。","火属性以外の属性武器の第二属性を火属性にし、属性値+30する。さらに第一属性の属性値も+10する。","Sets a non-Fire weapon's sub element to Fire and adds +30 to its value, as well as +10 to the primary element."
"第二屬性【水】I","第二属性【水】I","Secondary: Water I","將水屬性外的屬性武器之第二屬性轉化為水屬性，屬性值+10。","水属性以外の属性武器の第二属性を水属性にし、属性値+10する。","Sets a non-Water weapon's sub element to Water and adds +10 to its value."
"第二屬性【水】II","第二属性【水】II","Secondary: Water II","將水屬性外的屬性武器之第二屬性轉化為水屬性，屬性值+20，且第一屬性的屬性值+5。","水属性以外の属性武器の第二属性を水属性にし、属性値+20する。さらに第一属性の属性値も+5する。","Sets a non-Water weapon's sub element to Water and adds +20 to its value, as well as +5 to the primary element."
"第二屬性【水】III","第二属性【水】III","Secondary: Water III","將水屬性外的屬性武器之第二屬性轉化為水屬性，屬性值+30，且第一屬性的屬性值+10。","水属性以外の属性武器の第二属性を水属性にし、属性値+30する。さらに第一属性の属性値も+10する。","Sets a non-Water weapon's sub element to Water and adds +30 to its value, as well as +10 to the primary element."
"第二屬性【雷】I","第二属性【雷】I","Secondary: Thunder I","將雷屬性外的屬性武器之第二屬性轉化為雷屬性，屬性值+10。","雷属性以外の属性武器の第二属性を雷属性にし、属性値+10する。","Sets a non-Thunder weapon's sub element to Thunder and adds +10 to its value."
"第二屬性【雷】II","第二属性【雷】II","Secondary: Thunder II","將雷屬性外的屬性武器之第二屬性轉化為雷屬性，屬性值+20，且第一屬性的屬性值+5。","雷属性以外の属性武器の第二属性を雷属性にし、属性値+20する。さらに第一属性の属性値も+5する。","Sets a non-Thunder weapon's sub element to Thunder and adds +20 to its value, as well as +5 to the primary element."
"第二屬性【雷】III","第二属性【雷】III","Secondary: Thunder III","將雷屬性外的屬性武器之第二屬性轉化為雷屬性，屬性值+30，且第一屬性的屬性值+10。","雷属性以外の属性武器の第二属性を雷属性にし、属性値+30する。さらに第一属性の属性値も+10する。","Sets a non-Thunder weapon's sub element to Thunder and adds +30 to its value, as well as +10 to the primary element."
"第二屬性【冰】I","第二属性【氷】I","Secondary: Ice I","將冰屬性外的屬性武器之第二屬性轉化為冰屬性，屬性值+10。","氷属性以外の属性武器の第二属性を氷属性にし、属性値+10する。","Sets a non-Ice weapon's sub element to Ice and adds +10 to its value."
"第二屬性【冰】II","第二属性【氷】II","Secondary: Ice II","將冰屬性外的屬性武器之第二屬性轉化為冰屬性，屬性值+20，且第一屬性的屬性值+5。","氷属性以外の属性武器の第二属性を氷属性にし、属性値+20する。さらに第一属性の属性値も+5する。","Sets a non-Ice weapon's sub element to Ice and adds +20 to its value, as well as +5 to the primary element."
"第二屬性【冰】III","第二属性【氷】III","Secondary: Ice III","將冰屬性外的屬性武器之第二屬性轉化為冰屬性，屬性值+30，且第一屬性的屬性值+10。","氷属性以外の属性武器の第二属性を氷属性にし、属性値+30する。さらに第一属性の属性値も+10する。","Sets a non-Ice weapon's sub element to Ice and adds +30 to its value, as well as +10 to the primary element."
"第二屬性【龍】I","第二属性【龍】I","Secondary: Dragon I","將龍屬性外的屬性武器之第二屬性轉化為龍屬性，屬性值+10。","龍属性以外の属性武器の第二属性を龍属性にし、属性値+10する。","Sets a non-Dragon weapon's sub element to Dragon and adds +10 to its value."
"第二屬性【龍】II","第二属性【龍】II","Secondary: Dragon II","將龍屬性外的屬性武器之第二屬性轉化為龍屬性，屬性值+20，且第一屬性的屬性值+5。","龍属性以外の属性武器の第二属性を龍属性にし、属性値+20する。さらに第一属性の属性値も+5する。","Sets a non-Dragon weapon's sub element to Dragon and adds +20 to its value, as well as +5 to the primary element."
"第二屬性【龍】III","第二属性【龍】III","Secondary: Dragon III","將龍屬性外的屬性武器之第二屬性轉化為龍屬性，屬性值+30，且第一屬性的屬性值+10。","龍属性以外の属性武器の第二属性を龍属性にし、属性値+30する。さらに第一属性の属性値も+10する。","Sets a non-Dragon weapon's sub element to Dragon and adds +30 to its value, as well as +10 to the primary element."
"龍杭砲強化","竜杭砲強化","Wyrmstake Boost","將龍杭砲的威力強化1個階段。","竜杭砲の威力をLv1段階分強化する。","Raises the Wyrmstake Cannon's damage level by 1."
"變更砲擊【通常型】I","砲撃変更【通常型】I","Shelling: Normal I","砲擊類型變更為通常型，砲擊Lv變更至Lv3。","砲撃タイプが通常型となり、砲撃LvがLv3となる。","Sets shelling type to Normal and shelling level to Level 3."
"變更砲擊【通常型】II","砲撃変更【通常型】II","Shelling: Normal II","砲擊類型變更為通常型，砲擊Lv變更至Lv4。","砲撃タイプが通常型となり、砲撃LvがLv4となる。","Sets shelling type to Normal and shelling level to Level 4."
"變更砲擊【通常型】III","砲撃変更【通常型】III","Shelling: Normal III","砲擊類型變更為通常型，砲擊Lv變更至Lv5。","砲撃タイプが通常型となり、砲撃LvがLv5となる。","Sets shelling type to Normal and shelling level to Level 5."
"變更砲擊【放射型】I","砲撃変更【放射型】I","Shelling: Long I","砲擊類型變更為放射型，砲擊Lv變更至Lv3。","砲撃タイプが放射型となり、砲撃LvがLv3となる。","Sets shelling type to Long and shelling level to Level 3."
"變更砲擊【放射型】II","砲撃変更【放射型】II","Shelling: Long II","砲擊類型變更為放射型，砲擊Lv變更至Lv4。","砲撃タイプが放射型となり、砲撃LvがLv4となる。","Sets shelling type to Long and shelling level to Level 4."
"變更砲擊【放射型】III","砲撃変更【放射型】III","Shelling: Long III","砲擊類型變更為放射型，砲擊Lv變更至Lv5。","砲撃タイプが放射型となり、砲撃LvがLv5となる。","Sets shelling type to Long and shelling level to Level 5."
"變更砲擊【擴散型】I","砲撃変更【拡散型】I","Shelling: Wide I","砲擊類型變更為擴散型，砲擊Lv變更至Lv3。","砲撃タイプが拡散型となり、砲撃LvがLv3となる。","Sets shelling type to Wide and shelling level to Level 3."
"變更砲擊【擴散型】II","砲撃変更【拡散型】II","Shelling: Wide II","砲擊類型變更為擴散型，砲擊Lv變更至Lv4。","砲撃タイプが拡散型となり、砲撃LvがLv4となる。","Sets shelling type to Wide and shelling level to Level 4."
"變更砲擊【擴散型】III","砲撃変更【拡散型】III","Shelling: Wide III","砲擊類型變更為擴散型，砲擊Lv變更至Lv5。","砲撃タイプが拡散型となり、砲撃LvがLv5となる。","Sets shelling type to Wide and shelling level to Level 5."
"變更旋律【攻擊】I","旋律変更【攻撃】I","Attack Melody I","可使用為攻擊而特化的演奏。","攻撃に特化した演奏ができるようになる。","Enables attack-focused performances."
"變更旋律【攻擊】II","旋律変更【攻撃】II","Attack Melody II","可使用為攻擊而特化的演奏。","攻撃に特化した演奏ができるようになる。","Enables attack-focused performances."
"變更旋律【防禦】I","旋律変更【防御】I","Defensive Melody I","可使用為防禦而特化的演奏。","防御に特化した演奏ができるようになる。","Enables defense-focused performances."
"變更旋律【防禦】II","旋律変更【防御】II","Defensive Melody II","可使用為防禦而特化的演奏。","防御に特化した演奏ができるようになる。","Enables defense-focused performances."
"變更旋律【回復】I","旋律変更【回復】I","Healing Melody I","可使用為回復而特化的演奏。","回復に特化した演奏が出来るようになる。","Enables healing-focused performances."
"變更旋律【回復】II","旋律変更【回復】II","Healing Melody II","可使用為回復而特化的演奏。","回復に特化した演奏が出来るようになる。","Enables healing-focused performances."
"變更旋律【強韌】I","旋律変更【頑強】I","Resilient Melody I","可使用為防止異常狀態等能力而特化的演奏。","状態異常などの無効に特化した演奏ができるようになる。","Enables performances that nullify status ailments."
"變更旋律【強韌】II","旋律変更【頑強】II","Resilient Melody II","可使用為防止異常狀態等能力而特化的演奏。","状態異常などの無効に特化した演奏ができるようになる。","Enables performances that nullify status ailments."
"裝備瓶強化","装着ビン強化","Boost Equipped Coating","瓶屬性值+10。","ビン属性値を+10する。","Coating element +10"
"變更瓶【強擊】","ビン変更【強撃】","Phial: Power","將裝備瓶變更為強擊瓶，但攻擊力-10。","装着ビンを強撃ビンに変更する代わりに攻撃力-10される。","Changes equipped phial to a Power Phial, but reduces Attack by 10."
"變更瓶【強屬性】","ビン変更【強属性】","Phial: Element","將裝備瓶變更為強屬性瓶。","装着ビンを強属性ビンに変更する。","Changes equipped phial to an element phial."
"變更瓶【毒】I","ビン変更【毒】I","Phial: Poison I","將裝備瓶變更為毒瓶，瓶屬性值+20。","装着ビンを毒ビンに変更し、ビン属性値を+20する。","Changes equipped phial to a Poison Phial, and adds +20 to the phial's element."
"變更瓶【毒】II","ビン変更【毒】II","Phial: Poison II","將裝備瓶變更為毒瓶，瓶屬性值+25。","装着ビンを毒ビンに変更し、ビン属性値を+25する。","Changes equipped phial to a Poison Phial, and adds +25 to the phial's element."
"變更瓶【毒】III","ビン変更【毒】III","Phial: Poison III","將裝備瓶變更為毒瓶，瓶屬性值+30。","装着ビンを毒ビンに変更し、ビン属性値を+30する。","Changes equipped phial to a Poison Phial, and adds +30 to the phial's element."
"變更瓶【麻痺】I","ビン変更【麻痺】I","Phial: Paralysis I","將裝備瓶變更為麻痺瓶，瓶屬性值+15。","装着ビンを麻痺ビンに変更し、ビン属性値を+15する。","Changes equipped phial to a Paralysis Phial, and adds +15 to the phial's element."
"變更瓶【麻痺】II","ビン変更【麻痺】II","Phial: Paralysis II","將裝備瓶變更為麻痺瓶，瓶屬性值+20。","装着ビンを麻痺ビンに変更し、ビン属性値を+20する。","Changes equipped phial to a Paralysis Phial, and adds +20 to the phial's element."
"變更瓶【麻痺】III","ビン変更【麻痺】III","Phial: Paralysis III","將裝備瓶變更為麻痺瓶，瓶屬性值+25。","装着ビンを麻痺ビンに変更し、ビン属性値を+25する。","Changes equipped phial to a Paralysis Phial, and adds +25 to the phial's element."
"變更瓶【滅龍】I","ビン変更【滅龍】I","Phial: Dragon I","將裝備瓶變更為滅龍瓶，瓶屬性值+20。","装着ビンを滅龍ビンに変更し、ビン属性値を+20する。","Changes equipped phial to a Dragon phial, and adds +20 to the phial's element."
"變更瓶【滅龍】II","ビン変更【滅龍】II","Phial: Dragon II","將裝備瓶變更為滅龍瓶，瓶屬性值+25。","装着ビンを滅龍ビンに変更し、ビン属性値を+25する。","Changes equipped phial to a Dragon phial, and adds +25 to the phial's element."
"變更瓶【滅龍】III","ビン変更【滅龍】III","Phial: Dragon III","將裝備瓶變更為滅龍瓶，瓶屬性值+30。","装着ビンを滅龍ビンに変更し、ビン属性値を+30する。","Changes equipped phial to a Dragon phial, and adds +30 to the phial's element."
"變更瓶【減氣】I","ビン変更【減気】I","Phial: Exhaust I","將裝備瓶變更為減氣瓶，瓶屬性值+20。","装着ビンを減気ビンに変更し、ビン属性値を+20する。","Changes equipped phial to an Exhaust Phial, and adds +20 to the phial's element attack."
"變更瓶【減氣】II","ビン変更【減気】II","Phial: Exhaust II","將裝備瓶變更為減氣瓶，瓶屬性值+30。","装着ビンを減気ビンに変更し、ビン属性値を+30する。","Changes equipped phial to an Exhaust Phial, and adds +30 to the phial's element attack."
"變更瓶【減氣】III","ビン変更【減気】III","Phial: Exhaust III","將裝備瓶變更為減氣瓶，瓶屬性值+40。","装着ビンを減気ビンに変更し、ビン属性値を+40する。","Changes equipped phial to an Exhaust Phial, and adds +40 to the phial's element attack."
"獵蟲Lv強化","猟虫Lv強化","Kinsect Level Boost","將獵蟲Lv強化1個階段。","猟虫Lvを1段階強化する。","Raises Kinsect Level by 1."
"獵蟲Lv強化I","猟虫Lv強化I","Kinsect Level Boost I","將獵蟲Lv強化為Lv4。","猟虫LvをLv4に強化する。","Raises Kinsect Level to Level 4."
"獵蟲Lv強化II","猟虫Lv強化II","Kinsect Level Boost II","將獵蟲Lv強化為Lv5。","猟虫LvをLv5に強化する。","Raises Kinsect Level to Level 5."
"獵蟲Lv強化III","猟虫Lv強化III","Kinsect Level Boost III","將獵蟲Lv強化為Lv6，但攻擊力-10。","猟虫LvをLv6に強化する代わりに攻撃力が-10される。","Raises Kinsect Level to Level 6, but reduces Attack by 10."
"獵蟲Lv強化IV","猟虫Lv強化IV","Kinsect Level Boost IV","將獵蟲Lv強化為Lv7，但攻擊力-20。","猟虫LvをLv7に強化する代わりに攻撃力が-20される。","Raises Kinsect Level to Level 7, but reduces Attack by 20."
"後座力減輕強化","反動軽減強化","Recoil Down Boost","武器後座力減輕1個階段。","武器の反動が1段階向上する。","Decrease recoil by 1."
"後座力減輕大強化","反動軽減激化","Recoil Down Surge","武器後座力減輕2個階段，但偏移下降1個階段。","反動軽減を2段階向上する代わりに、ブレが1段階低下する。","Decreases recoil by 2 but increases deviation by 1."
"裝填速度強化","リロード速度強化","Reload Speed Boost","裝填速度提升1個階段。","装填速度が1段階向上する。","Increases reload speed by 1."
"裝填速度大強化","リロード速度激化","Reload Speed Surge","裝填速度提升2個階段，但後座力加重1個階段。","装填速度を2段階向上する代わりに、反動が1段階低下する。","Increases reload speed by 2 but also increases recoil by 1."
"抑制偏移強化","ブレ抑制強化","Steadiness Boost","偏移值減輕1個階段。","ブレの値が1段階軽減される。","Decreases deviation by 1."
"抑制偏移大強化","ブレ抑制激化","Steadiness Surge","偏移減輕2個階段，但裝填速度下降1個階段。","ブレが2段階軽減される代わりに、装填速度が1段階低下する。","Decreases deviation by 2 but also decreases reload speed by 1."
"通常彈追加I","通常弾追加I","Normal Effect I","可裝填LV2通常彈，並增加裝填數。","LV2通常弾が装填可能になり、装填数が増える。","Enables loading of Level 2 Ammo, and increases ammo capacity."
"通常彈追加II","通常弾追加II","Normal Effect II","可裝填全LV的通常彈，並增加裝填數。","全LVの通常弾が装填可能になり、装填数が増える。","Enables loading of all levels of ammo, and increases ammo capacity."
"貫通彈追加I","貫通弾追加I","Pierce Effect I","可裝填LV1＆LV2的貫通彈，並增加裝填數。","LV1＆LV2貫通弾が装填可能になり、装填数が増える。","Enables loading of Pierce Ammo 1 & 2, and increases ammo capacity."
"貫通彈追加II","貫通弾追加II","Pierce Effect II","可裝填全LV的貫通彈，並增加裝填數。","全LVの貫通弾が装填可能になり、装填数が増える。","Enables loading of all Pierce Ammo, and increases ammo capacity."
"散彈追加I","散弾追加I","Spread Effect I","可裝填LV1＆LV2的散彈，並增加裝填數。","LV1＆LV2散弾が装填可能になり、装填数が増える。","Enables loading of Spread Ammo 1 & 2, and increases ammo capacity."
"散彈追加II","散弾追加II","Spread Effect II","可裝填全LV的散彈，並增加裝填數。","全LVの散弾が装填可能になり、装填数が増える。","Enables loading of all Spread Ammo, and increases ammo capacity."
"放射彈追加I","放散弾追加I","Shrapnel Effect I","可裝填LV1＆LV2的放射彈，並增加裝填數。","LV1＆LV2放散弾が装填可能になり、装填数が増える。","Enables loading of Shrapnel Ammo 1 & 2, and increases ammo capacity."
"放射彈追加II","放散弾追加II","Shrapnel Effect II","可裝填全LV的放射彈，並增加裝填數。","全LVの放散弾が装填可能になり、装填数が増える。","Enables loading of all Shrapnel Ammo, and increases ammo capacity."
"徹甲榴彈追加I","徹甲榴弾追加I","Sticky Effect I","可裝填LV1＆LV2的徹甲榴彈，並增加裝填數。","LV1＆LV2徹甲榴弾が装填可能になり、装填数が増える。","Enables loading of Sticky Ammo 1 & 2, and increases ammo capacity."
"徹甲榴彈追加II","徹甲榴弾追加II","Sticky Effect II","可裝填全LV的徹甲榴彈，並增加裝填數。","全LVの徹甲榴弾が装填可能になり、装填数が増える。","Enables loading of all Sticky Ammo, and increases ammo capacity."
"擴散彈追加I","拡散弾追加I","Cluster Effect I","可裝填LV1＆LV2的擴散彈，並增加裝填數。","LV1＆LV2拡散弾が装填可能になり、装填数が増える。","Enables loading of Cluster Bombs 1 & 2, and increases ammo capacity."
"擴散彈追加II","拡散弾追加II","Cluster Effect II","可裝填全LV的擴散彈，並增加裝填數。","全LVの拡散弾が装填可能になり、装填数が増える。","Enables loading of all Cluster Bombs, and increases ammo capacity."
"通常彈增加I","通常弾増加I","Add: Normal Ammo I","改變通常彈的裝填數。","通常弾の装填数が変化する。","Expands weapon ammo capacity for normal ammo."
"通常彈增加II","通常弾増加II","Add: Normal Ammo II","改變通常彈的裝填數。","通常弾の装填数が変化する。","Expands weapon ammo capacity for normal ammo."
"貫通彈增加I","貫通弾増加I","Pierce Effect I","可發射貫通彈，並改變裝填數。","貫通弾が発射できる様になり、装填数が変化する。","Enables loading of Piercing Ammo, and changes ammo capacity."
"貫通彈增加II","貫通弾増加II","Pierce Effect II","可發射貫通彈，並改變裝填數。","貫通弾が発射できる様になり、装填数が変化する。","Enables loading of Piercing Ammo, and changes ammo capacity."
"散彈增加I","散弾増加I","Spread Effect I","可發射散彈，並改變裝填數。","散弾が発射できる様になり、装填数が変化する。","Enables loading of Spread Ammo, and changes ammo capacity."
"散彈增加II","散弾増加II","Spread Effect II","可發射散彈，並改變裝填數。","散弾が発射できる様になり、装填数が変化する。","Enables loading of Spread Ammo, and changes ammo capacity."
"放射彈增加I","放散弾増加I","Shrapnel Effect I","可發射放射彈，並改變裝填數。","放散弾が発射できる様になり、装填数が変化する。","Enables loading of Shrapnel Ammo, and changes ammo capacity."
"放射彈增加II","放散弾増加II","Shrapnel Effect II","可發射放射彈，並改變裝填數。","放散弾が発射できる様になり、装填数が変化する。","Enables loading of Shrapnel Ammo, and changes ammo capacity."
"徹甲/擴散彈增加I","徹甲/拡散弾増加I","Sticky/Cluster Effect I","可發射徹甲榴彈與擴散彈，並改變裝填數。","徹甲榴弾と拡散弾が発射できる様になり、装填数が変化する。","Enables loading of Sticky Ammo and Cluster Bombs, and changes ammo capacity."
"徹甲/擴散彈增加II","徹甲/拡散弾増加II","Sticky/Cluster Effect II","可發射徹甲榴彈與擴散彈，並改變裝填數。","徹甲榴弾と拡散弾が発射できる様になり、装填数が変化する。","Enables loading of Sticky Ammo and Cluster Bombs, and changes ammo capacity."
"火屬性彈增加I","火属性弾増加I","Fire Effect I","可發射火炎彈，並改變裝填數。","火炎弾が発射可能になり、装填数が変化する。","Enables loading of Flaming Ammo, and changes ammo capacity."
"火屬性彈增加II","火属性弾増加II","Fire Effect II","可發射火炎彈與貫通火炎彈，並改變裝填數。","火炎弾と貫通火炎弾が発射可能になり、装填数が変化する。","Enables loading of Flaming Ammo and Piercing Fire Ammo, and changes ammo capacity."
"水屬性彈增加I","水属性弾増加I","Water Effect I","可發射水冷彈，並改變裝填數。","水冷弾が発射可能になり、装填数が変化する。","Enables loading of Water Ammo, and changes ammo capacity."
"水屬性彈增加II","水属性弾増加II","Water Effect II","可發射水冷彈與貫通水冷彈，並改變裝填數。","水冷弾と貫通水冷弾が発射可能になり、装填数が変化する。","Enables loading of Water Ammo and Piercing Water Ammo, and changes ammo capacity."
"雷屬性彈增加I","雷属性弾増加I","Thunder Effect I","可發射電擊彈，並改變裝填數。","電撃弾が発射可能になり、装填数が変化する。","Enables loading of Thunder Ammo, and changes ammo capacity."
"雷屬性彈增加II","雷属性弾増加II","Thunder Effect II","可發射電擊彈與貫通電擊彈，並改變裝填數。","電撃弾と貫通電撃弾が発射可能になり、装填数が変化する。","Enables loading of Thunder Ammo and Piercing Thunder Ammo, and changes ammo capacity."
"冰屬性彈增加I","氷属性弾増加I","Ice Effect I","可發射冰結彈，並改變裝填數。","氷結弾が発射可能になり、装填数が変化する。","Enables loading of Freeze Ammo, and changes ammo capacity."
"冰屬性彈增加II","氷属性弾増加II","Ice Effect II","可發射冰結彈與貫通冰結彈，並改變裝填數。","氷結弾と貫通氷結弾が発射可能になり、装填数が変化する。","Enables loading of Freeze Ammo and Piercing Ice Ammo, and changes ammo capacity."
"龍屬性彈增加I","龍属性弾増加I","Dragon Effect I","可發射滅龍彈，並改變裝填數。","滅龍弾が発射可能になり、装填数が変化する。","Enables loading of Dragon Ammo, and changes ammo capacity."
"龍屬性彈增加II","龍属性弾増加II","Dragon Effect II","可發射滅龍彈與貫通滅龍彈，並改變裝填數。","滅龍弾と貫通滅龍弾が発射可能になり、装填数が変化する。","Enables loading of Dragon Ammo and Piercing Dragon Ammo, and changes ammo capacity."
"麻痺彈增加I","麻痺弾増加I","Paralysis Effect I","可發射麻痺彈，並改變裝填數。","麻痺弾が発射可能になり、装填数が変化する。","Enables loading of Paralysis Ammo, and changes ammo capacity."
"麻痺彈增加II","麻痺弾増加II","Paralysis Effect II","可發射麻痺彈，並改變裝填數。","麻痺弾が発射可能になり、装填数が変化する。","Enables loading of Paralysis Ammo, and changes ammo capacity."
"睡眠彈增加I","睡眠弾増加I","Sleep Effect I","可發射睡眠彈，並改變裝填數。","睡眠弾が発射可能になり、装填数が変化する。","Enables loading of Sleep Ammo, and changes ammo capacity."
"睡眠彈增加II","睡眠弾増加II","Sleep Effect II","可發射睡眠彈，並改變裝填數。","睡眠弾が発射可能になり、装填数が変化する。","Enables loading of Sleep Ammo, and changes ammo capacity."
"複數彈增加【毒】I","弾複数増加【毒】I","Poison Effect I","可發射毒彈、回復彈、鬼人彈與硬化彈，並改變裝填數。","毒弾と回復弾、鬼人弾、硬化弾が発射可能になり、装填数が変化する。","Enables loading of Poison, Recovery, Demon, and Armor Ammo, and changes ammo capacity."
"複數彈增加【毒】II","弾複数増加【毒】II","Poison Effect II","可發射毒彈、回復彈、鬼人彈與硬化彈，並改變裝填數。","毒弾と回復弾、鬼人弾、硬化弾が発射可能になり、装填数が変化する。","Enables loading of Poison, Recovery, Demon, and Armor Ammo, and changes ammo capacity."
"複數彈增加【減氣】I","弾複数増加【減気】I","Exhaust Effect I","可發射減氣彈、回復彈、鬼人彈與硬化彈，並改變裝填數。","減気弾と回復弾、鬼人弾、硬化弾が発射可能になり、装填数が変化する。","Enables loading of Poison, Recovery, Demon, and Armor Ammo, and changes ammo capacity."
"複數彈增加【減氣】II","弾複数増加【減気】II","Exhaust Effect II","可發射減氣彈、回復彈、鬼人彈與硬化彈，並改變裝填數。","減気弾と回復弾、鬼人弾、硬化弾が発射可能になり、装填数が変化する。","Enables loading of Poison, Recovery, Demon, and Armor Ammo, and changes ammo capacity."
"特殊彈藥【機關龍彈】","特殊弾【機関竜弾】","Special: Wyvernheart","將特殊彈藥變更為機關龍彈。","特殊弾を機関竜弾に変更する。","Changes special ammo to Wyvernheart."
"特殊彈藥【狙擊龍彈】","特殊弾【狙撃竜弾】","Special: Wyvernsnipe","將特殊彈藥變更為狙擊龍彈。","特殊弾を狙撃竜弾に変更する。","Changes special ammo to Wyvernsnipe."
"速射功能【通常彈】","速射対応【通常弾】","Rapid Fire (Normal)","使可裝填LV1、LV2通常彈的武器能夠進行速射。","装填できるLV1、LV2の通常弾が速射できる様になる。","Allows rapid fire of loadable Normal Ammo 1 & 2."
"速射功能【貫通彈】","速射対応【貫通弾】","Rapid Fire (Piercing)","使可裝填LV1、LV2貫通彈的武器能夠進行速射。","装填できるLV1、LV2の貫通弾が速射できる様になる。","Allows rapid fire of loadable Pierce Ammo 1 & 2."
"速射功能【散彈】","速射対応【散弾】","Rapid Fire (Spread)","使可裝填LV1、LV2散彈的武器能夠進行速射。","装填できるLV1、LV2の散弾が速射できる様になる。","Allows rapid fire of loadable Spread Ammo 1 & 2."
"速射功能【放射彈】","速射対応【放散弾】","Rapid Fire (Shrapnel)","使可裝填LV1、LV2放射彈的武器能夠進行速射。","装填できるLV1、LV2の放散弾が速射できる様になる。","Allows rapid fire of loadable Shrapnel Ammo 1 & 2."
"速射功能【徹甲榴彈】","速射対応【徹甲榴弾】","Rapid Fire (Sticky)","使可裝填LV1徹甲榴彈的武器能夠進行速射。","装填できるLV1徹甲榴弾が速射できる様になる。","Allows rapid fire of loadable Sticky Ammo 1."
"速射功能【火炎】","速射対応【火炎】","Rapid Fire (Fire)","使可裝填火炎彈・貫通火炎彈的武器能夠進行速射。","装填できる火炎弾・貫通火炎弾が速射できる様になる。","Allows rapid fire of loadable Flaming Ammo and Piercing Fire Ammo."
"速射功能【水冷】","速射対応【水冷】","Rapid Fire (Water)","使可裝填水冷彈・貫通水冷彈的武器能夠進行速射。","装填できる水冷弾・貫通水冷弾が速射できる様になる。","Allows rapid fire of loadable Water Ammo and Piercing Water Ammo."
"速射功能【電擊】","速射対応【電撃】","Rapid Fire (Thunder)","使可裝填電擊彈・貫通電擊彈的武器能夠進行速射。","装填できる電撃弾・貫通電撃弾が速射できる様になる。","Allows rapid fire of loadable Thunder Ammo and Piercing Thunder Ammo."
"速射功能【冰結】","速射対応【氷結】","Rapid Fire (Ice)","使可裝填冰結彈・貫通冰結彈的武器能夠進行速射。","装填できる氷結弾・貫通氷結弾が速射できる様になる。","Allows rapid fire of loadable Freeze Ammo and Piercing Ice Ammo."
"速射功能【滅龍】","速射対応【滅龍】","Rapid Fire (Dragon)","使可裝填滅龍彈・貫通滅龍彈的武器能夠進行速射。","装填できる滅龍弾・貫通滅龍弾が速射できる様になる。","Allows rapid fire of loadable Dragon Ammo and Piercing Dragon Ammo."
"賦予毒瓶強化","毒ビン強化付与","Poison Coating Boost","若可裝填毒瓶，則強化毒瓶。","ビンの装填が可能な場合、毒ビンが強化される。","Strengthens Poison Coating if coatings can be applied to weapon."
"賦予麻痺瓶強化","麻痺ビン強化付与","Paralysis Coating Boost","若可裝填麻痺瓶，則強化麻痺瓶。","ビンの装填が可能な場合、麻痺ビンが強化される。","Strengthens Paralysis Coating if coatings can be applied to weapon."
"賦予睡眠瓶強化","睡眠ビン強化付与","Sleep Coating Boost","若可裝填睡眠瓶，則強化睡眠瓶。","ビンの装填が可能な場合、睡眠ビンが強化される。","Strengthens Sleep Coating if coatings can be applied to weapon."
"瓶強化【接擊】","ビン強化【接撃】","Close-range Coating Boost","強化接擊瓶，但攻擊力-5。","接撃ビンが強化される代わりに攻撃力が-5される。","Strengthens Close-range Coating, but reduces Attack by 5."
"瓶追加【強擊】","ビン追加【強撃】","Use Power Coating","可裝填強擊瓶。","強撃ビンが装填可能になる。","Allows you to apply Power Coatings."
"瓶追加【毒】I","ビン追加【毒】I","Use Poison Coating I","可裝填毒瓶。","毒ビンが装填可能になる。","Allows you to apply Poison Coatings."
"瓶追加【毒】II","ビン追加【毒】II","Use Poison Coating II","可裝填並強化毒瓶，但攻擊力-5。","毒ビンが強化されて装填可能になる代わりに、攻撃力が-5される。","Allows you to apply Poison Coatings and enhances them, but reduces Attack by 5."
"瓶追加【麻痺】I","ビン追加【麻痺】I","Use Para Coating I","可裝填麻痺瓶。","麻痺ビンが装填可能になる。","Allows you to apply Paralysis Coatings."
"瓶追加【麻痺】II","ビン追加【麻痺】II","Use Para Coating II","可裝填並強化麻痺瓶，但攻擊力-10。","麻痺ビンが強化されて装填可能になる代わりに、攻撃力が-10される。","Allows you to apply Paralysis Coatings and enhances them, but reduces Attack by 10."
"瓶追加【睡眠】I","ビン追加【睡眠】I","Use Sleep Coating I","可裝填睡眠瓶。","睡眠ビンが装填可能になる。","Allows you to apply Sleep Coatings."
"瓶追加【睡眠】II","ビン追加【睡眠】II","Use Sleep Coating II","可裝填並強化睡眠瓶，但攻擊力-10。","睡眠ビンが強化されて装填可能になる代わりに、攻撃力が-10される。","Allows you to apply Sleep Coatings and enhances them, but reduces Attack by 10."
"瓶追加【爆破】","ビン追加【爆破】","Use Blast Coating","可裝填爆破瓶。","爆破ビンが装填可能になる。","Allows you to apply Blast Coatings."
"瓶追加【減氣】","ビン追加【減気】","Use Exhaust Coating","可裝填減氣瓶，攻擊力+10。","減気ビンが装填可能になり、攻撃力が+10される。","Allows you to apply Exhaust Coatings, and grants +10 Attack."
"變更射擊型態【連射】","射撃型変更【連射】","Firing: Rapid","改變為重視連射的蓄力攻擊。","連射を重視した溜め攻撃に変化する。","Modifies weapon for Rapid-based Charged Attacks."
"變更射擊型態【貫通】","射撃型変更【貫通】","Firing: Pierce","改變為重視貫通的蓄力攻擊。","貫通を重視した溜め攻撃に変化する。","Modifies weapon for Pierce-based Charged Attacks."
"變更射擊型態【擴散】","射撃型変更【拡散】","Firing: Spread","改變為重視擴散的蓄力攻擊。","拡散を重視した溜め攻撃に変化する。","Modifies weapon for Spread-based Charged Attacks."
"變更射擊型態【蓄力】","射撃型変更【溜攻】","Firing: Charge","改變為重視箭矢蓄力階段的蓄力攻擊。","矢の溜め段階を重視した溜め攻撃に変化する。","Modifies arrow Charge Level for Charged Attacks."
"變更射擊型態【速攻】","射撃型変更【速攻】","Firing: Swift","改變為稍微不規則的蓄力攻擊。","やや変則的な溜め攻撃に変化する。","Modifies weapon for somewhat unconventional Charged Attacks."
"變更曲射【回復型】","曲射変更【回復型】","Arc Shot: Recovery","曲射類型變更為回復型。","曲射タイプが回復型に変化する。","Changes shot type to Recovery."
"變更曲射【會心型】","曲射変更【会心型】","Arc Shot: Affinity","曲射類型變更為會心型。","曲射タイプが会心型に変化する。","Changes shot type to Affinity."
"變更曲射【耐衝型】","曲射変更【耐衝型】","Arc Shot: Anti-shock","曲射類型變更為耐衝型。","曲射タイプが耐衝型に変化する。","Changes shot type to Brace."
"鈍刃一擊","鈍刃の一撃","Dulling Strike","若銳利度計量表為綠色以下，則攻擊時有一定機率提升攻擊力。","斬れ味ゲージが緑色以下で攻撃時に確率で攻撃力が上がる。","Has a chance to increase attack power when your sharpness gauge is green or lower."
"悔恨一擊","痛恨の一撃","Brutal Strike","負會心發動時，有一定機率增加傷害。","マイナス会心発動時に確率でダメージが増加する。","Has a chance to increase damage with a negative affinity attack."
"弱點特效【屬性】","弱点特効【属性】","Element Exploit","以弱點屬性攻擊屬性弱點部位時，增加造成的屬性傷害。","属性に弱い部位を弱点属性で攻撃すると属性ダメージが増加する。","Increases damage when exploiting a foe's elemental weakness."
"鐵蟲絲招式強化","鉄蟲糸技強化","Silkbind Boost","增加鐵蟲絲招式的攻擊傷害。","鉄蟲糸技の攻撃のダメージが増加する。","Increases damage dealt using Silkbind attacks."
"防禦研磨術I","防御研磨術I","Defense Grinder I","進行防禦時，銳利度不會降低。","ガードをおこなった際に、斬れ味が落ちなくなる。","Sharpness is unaffected when guarding."
"防禦研磨術II","防御研磨術II","Defense Grinder II","進行防禦時，少量回復銳利度。","ガードをおこなった際に、斬れ味が少し回復するようになる。","Sharpness is slightly restored when guarding."
"鬼人激化","鬼人激化","Hellion Mode","於鬼人化狀態攻擊時銳利度消耗加倍，但攻擊必定變為會心一擊。","鬼人化状態で攻撃した際、斬れ味消費が倍になる代わりに攻撃が必ずクリティカルになる。","Attacking in Demon Mode turns every attack into a critical hit, but also doubles sharpness degredation."
"大音量演奏","大音量演奏","Maximum Volume","擴大演奏效果發動時的效果距離。","演奏効果発動時の効果距離が拡大する。","Increases a performance's range of effect once it is activated."
"瓶變形強化","ビン変形強化","Coating Switch Boost","進行變形攻擊時，賦予瓶特殊效果。","変形攻撃時にビンに特殊効果が付与される。","Grants special effects to phials when executing morph attacks."
"曲射效果持續","曲射効果持続","Lasting Arc Shot","延長弓的曲射效果時間。","弓の曲射の効果時間が延長される。","Prolongs the bow's arc shot effect."
"操龍達人","操竜の達人","Master Rider","增加操龍攻擊對魔物造成的傷害，且延長操龍必殺技的可發動時間。","操竜による攻撃でモンスターに与えるダメージが増加する。また、操竜大技の発動可能時間が長くなる。","Increases damage inflicted by Wyvern Riding, and increases the Wyvern Riding Timer."
"龍種特效","竜種特効","Wyvern Exploit","增加對鳥龍種、飛龍種、獸龍種、海龍種、魚龍種、牙龍種魔物造成的傷害。","鳥竜種、飛竜種、獣竜種、海竜種、 魚竜種、牙竜種であるモンスターに対してダメージが増加する。","Increases damage to Bird, Flying, Brute, Piscine, and Fanged Wyverns, as well as Leviathans."
"小型特效","小型特効","Small Monster Exploit","增加對小型魔物造成的傷害。","小型モンスターに対してダメージが増加する。","Increases damage to small monsters."
"空棲系特效","空棲系特効","Anti-Aerial Species","增加對具備飛行能力的魔物造成的傷害。","飛行能力を持つモンスターに対して、ダメージが増加する。","Increases damage to flying monsters."
"水棲系特效","水棲系特効","Anti-Aquatic Species","增加對以水域為地盤的魔物造成的傷害。","水場を縄張りとするモンスターに対して、ダメージが増加する。","Increases damage to aquatic monsters."
"火異常特效","火やられ特効","Fireblight Exploit","增加攻擊火異常狀態的魔物時造成的傷害。","火やられ状態のモンスターに攻撃時、ダメージが増加する。","Increases damage to monsters afflicted with fireblight."
"水異常特效","水やられ特効","Waterblight Exploit","增加攻擊水異常狀態的魔物時造成的傷害。","水やられ状態のモンスターに攻撃時、ダメージが増加する。","Increases damage to monsters afflicted with waterblight."
"雷異常特效","雷やられ特効","Thunderblight Exploit","增加攻擊雷異常狀態的魔物時造成的傷害。","雷やられ状態のモンスターに攻撃時、ダメージが増加する。","Increases damage to monsters afflicted with thunderblight."
"冰異常特效","氷やられ特効","Iceblight Exploit","增加攻擊冰異常狀態的魔物時造成的傷害。","氷やられ状態のモンスターに攻撃時、ダメージが増加する。","Increases damage to monsters afflicted with iceblight."
"怨虎龍之魂","怨虎竜の魂","Magnamalo Soul","當自己陷入鬼火狀態時提升攻擊力。","自分が鬼火状態の時、攻撃力が上がる。","Increases attack when afflicted by hellfire status."
"天彗龍之魂","天彗龍の魂","Valstrax Soul","引發龍屬性異常狀態時，龍屬性攻擊值變為1.2倍。","龍属性やられ発症時、龍属性攻撃値を1.2倍する。","Increases Dragon element attack by 20% when afflicted with dragonblight."
"霞龍之魂","霞龍の魂","Chameleos Soul","攻擊命中時，有低機率強化體力、耐力、攻擊力、防禦力其中一項。","攻撃がヒットした際、まれに体力、スタミナ、攻撃力、防御力のいずれかが強化される。","Landing a hit will yield a small chance of boosting Health, Stamina, Attack, or Defense."
"鋼龍之魂","鋼龍の魂","Kushala Daora Soul","攻擊持續命中魔物時，會心率將會慢慢上升。","攻撃をモンスターに当て続けることで段階的に会心率が上昇する。","Affinity gradually increases when continuously landing hits on foes."
"炎王龍之魂","炎王龍の魂","Teostra Soul","以武器攻擊引發爆破時，增加造成的爆破傷害。","武器攻撃による爆破発生時のダメージが増加する。","Increases damage dealt by blast explosions."
"風神龍之魂","風神龍の魂","Ibushi Soul","依據身上裝備的鳴神系列防具數量，提升武器的性能。","なるかみシリーズの防具の装備数に応じて、武器の性能が強化される。","Enhances weapon functionality with each piece of Narwa armor you equip."
"雷神龍之魂","雷神龍の魂","Narwa Soul","依據身上裝備的龍捲系列防具數量，提升武器的性能。","しまきシリーズの防具の装備数に応じて、武器の性能が強化される。","Enhances weapon functionality with each piece of Ibushi armor you equip."
"隨從指示術","オトモへの采配術","Buddy Rally","提升隨從艾路、隨從加爾克的攻擊力與防禦力。","オトモアイルー・ガルクの攻撃力と防御力が上がる。","Increases Palico and Palamute attack power and defense."
"鬼火鳥加倍","人魂鳥倍加","Spiribird Doubled","低機率提升鬼火鳥的效果。","ヒトダマドリの効果を稀に増やす。","Occasionally increases the effect of Spiribirds."